ID;NAME;PHONE;ADDED_AT;REMOVED_AT;EMAIL;IS_ACTIVE
1;Rutherford;38;31-01-2020;;Herbert.Grant@GMAIL.COM;false
2;Herbert;32;25-02-2020;;John.Quincy@GMAIL.COM;false
3;William;94;22-02-2020;;Gerald.Monroe@GMAIL.COM;false
4;Jimmy;58;02-01-2020;13-04-2020;Richard.Pierce@GMAIL.COM;true
5;Thomas;84;02-02-2020;;Zachary.Grant@GMAIL.COM;false
6;Thomas;71;24-02-2020;05-04-2020;Ulysses.Clinton@GMAIL.COM;true
7;Franklin;87;10-02-2020;20-04-2020;Warren.Eisenhower@GMAIL.COM;true
8;Dwight;45;05-02-2020;;George.Wilson@GMAIL.COM;false
9;Woodrow;76;05-02-2020;12-04-2020;Richard.Jefferson@GMAIL.COM;true
10;Woodrow;40;28-02-2020;;Jimmy.Ford@GMAIL.COM;false
11;Rutherford;15;16-02-2020;;Woodrow.Adams@GMAIL.COM;false
12;Millard;71;26-02-2020;02-04-2020;George.Fillmore@GMAIL.COM;true
13;Gerald;51;11-02-2020;13-04-2020;Theodore.McKinley@GMAIL.COM;true
14;William;36;09-01-2020;17-04-2020;William.Kennedy@GMAIL.COM;true
15;Lyndon;17;11-02-2020;;Franklin.Adams@GMAIL.COM;false
16;Franklin;11;25-01-2020;;Harry.Roosevelt@GMAIL.COM;false
17;Jimmy;74;16-02-2020;09-04-2020;Theodore.McKinley@GMAIL.COM;true
18;William;57;21-01-2020;;Andrew.Buchanan@GMAIL.COM;false
19;Dwight;79;26-01-2020;;Benjamin.Harrison@GMAIL.COM;false
20;Ulysses;37;28-02-2020;05-04-2020;Benjamin.Hoover@GMAIL.COM;true
21;Jimmy;19;04-01-2020;24-04-2020;John.Van Buren@GMAIL.COM;true
22;Theodore;74;09-01-2020;;Martin.Garfield@GMAIL.COM;false
23;Andrew;14;26-01-2020;;Grover.Pierce@GMAIL.COM;false
24;James;68;27-01-2020;21-04-2020;James.Polk@GMAIL.COM;true
25;Grover;64;19-02-2020;;Millard.Hoover@GMAIL.COM;false
26;Theodore;70;30-01-2020;05-04-2020;Gerald.Garfield@GMAIL.COM;true
27;Gerald;80;28-01-2020;04-04-2020;Jimmy.Johnson@GMAIL.COM;true
28;Woodrow;91;24-01-2020;;William.Eisenhower@GMAIL.COM;false
29;John;28;27-01-2020;05-04-2020;Ronald.Polk@GMAIL.COM;true
30;Ronald;88;28-01-2020;07-04-2020;Calvin.Eisenhower@GMAIL.COM;true
31;Herbert;73;06-01-2020;;John.Johnson@GMAIL.COM;false
32;Martin;60;07-02-2020;;Chester.Clinton@GMAIL.COM;false
33;Dwight;69;09-02-2020;07-04-2020;Calvin.Monroe@GMAIL.COM;true
34;William;11;21-02-2020;;Woodrow.Lincoln@GMAIL.COM;false
35;Chester;64;25-02-2020;;Abraham.Madison@GMAIL.COM;false
36;Franklin;30;27-01-2020;21-04-2020;Woodrow.Taylor@GMAIL.COM;true
37;Benjamin;65;19-01-2020;02-04-2020;Herbert.Fillmore@GMAIL.COM;true
38;Ronald;24;18-02-2020;;Jimmy.Tyler@GMAIL.COM;false
39;James;47;12-01-2020;;Chester.Van Buren@GMAIL.COM;false
40;Ulysses;58;14-02-2020;;Bill.Pierce@GMAIL.COM;false
41;Lyndon;57;26-01-2020;05-04-2020;John.Ford@GMAIL.COM;true
42;George;26;25-01-2020;;Richard.Carter@GMAIL.COM;false
43;Herbert;62;25-02-2020;;Millard.Tyler@GMAIL.COM;false
44;Franklin;12;08-01-2020;11-04-2020;Bill.Eisenhower@GMAIL.COM;true
45;Herbert;100;19-01-2020;04-04-2020;Warren.Grant@GMAIL.COM;true
46;Ulysses;12;03-01-2020;;George.Truman@GMAIL.COM;false
47;Ronald;96;06-01-2020;24-04-2020;Franklin.Jefferson@GMAIL.COM;true
48;Franklin;33;27-01-2020;;Harry.Polk@GMAIL.COM;false
49;Harry;37;31-01-2020;;Lyndon.Polk@GMAIL.COM;false
50;Lyndon;30;10-01-2020;;John.Hayes@GMAIL.COM;false
51;Harry;12;31-01-2020;15-04-2020;Theodore.Quincy@GMAIL.COM;true
52;Ulysses;88;18-02-2020;;John.Ford@GMAIL.COM;false
53;Jimmy;44;04-02-2020;;Bill.Nixon@GMAIL.COM;false
54;Rutherford;74;18-01-2020;;Lyndon.Quincy@GMAIL.COM;false
55;Lyndon;14;11-02-2020;28-04-2020;Woodrow.Truman@GMAIL.COM;true
56;Theodore;48;23-01-2020;;Abraham.Tyler@GMAIL.COM;false
57;John;25;05-01-2020;11-04-2020;William.Eisenhower@GMAIL.COM;true
58;Herbert;75;11-02-2020;;James.Garfield@GMAIL.COM;false
59;Abraham;31;13-02-2020;12-04-2020;Bill.Arthur@GMAIL.COM;true
60;Chester;97;25-01-2020;29-04-2020;Theodore.Harrison@GMAIL.COM;true
61;Bill;18;03-02-2020;22-04-2020;Calvin.Jefferson@GMAIL.COM;true
62;Harry;72;06-01-2020;;Lyndon.Coolidge@GMAIL.COM;false
63;Lyndon;81;10-02-2020;;Bill.Reagan@GMAIL.COM;false
64;James;95;15-01-2020;;Grover.Taft@GMAIL.COM;false
65;Benjamin;31;19-02-2020;20-04-2020;Calvin.Harrison@GMAIL.COM;true
66;Herbert;48;26-01-2020;22-04-2020;Gerald.Taylor@GMAIL.COM;true
67;Harry;63;01-02-2020;19-04-2020;Bill.Wilson@GMAIL.COM;true
68;Ulysses;84;28-01-2020;;Bill.Cleveland@GMAIL.COM;false
69;Ronald;46;06-01-2020;;Andrew.Roosevelt@GMAIL.COM;false
70;Harry;77;04-01-2020;14-04-2020;Grover.Roosevelt@GMAIL.COM;true
71;Dwight;70;24-02-2020;10-04-2020;Ulysses.Johnson@GMAIL.COM;true
72;Lyndon;48;10-01-2020;07-04-2020;Andrew.Hayes@GMAIL.COM;true
73;Calvin;64;29-02-2020;;George.Tyler@GMAIL.COM;false
74;Woodrow;87;26-01-2020;11-04-2020;William.Nixon@GMAIL.COM;true
75;Millard;73;28-02-2020;;Millard.Roosevelt@GMAIL.COM;false
76;William;63;01-03-2020;03-04-2020;George.Jackson@GMAIL.COM;true
77;James;16;01-03-2020;09-04-2020;Ulysses.Taft@GMAIL.COM;true
78;Andrew;36;31-01-2020;11-04-2020;Grover.Ford@GMAIL.COM;true
79;Ulysses;54;20-01-2020;;Harry.Madison@GMAIL.COM;false
80;Ulysses;61;09-01-2020;;Andrew.Reagan@GMAIL.COM;false
81;Rutherford;16;07-01-2020;29-04-2020;Calvin.McKinley@GMAIL.COM;true
82;Andrew;17;09-01-2020;03-04-2020;Franklin.Ford@GMAIL.COM;true
83;Rutherford;97;25-02-2020;;Harry.Cleveland@GMAIL.COM;false
84;Herbert;33;16-02-2020;;Warren.Reagan@GMAIL.COM;false
85;William;44;04-02-2020;05-04-2020;Gerald.Coolidge@GMAIL.COM;true
86;Theodore;44;31-01-2020;15-04-2020;Woodrow.Taft@GMAIL.COM;true
87;Warren;62;15-02-2020;26-04-2020;Harry.Coolidge@GMAIL.COM;true
88;George;31;09-02-2020;;Calvin.Roosevelt@GMAIL.COM;false
89;Harry;37;20-01-2020;04-04-2020;Calvin.Harding@GMAIL.COM;true
90;Warren;19;09-02-2020;25-04-2020;Zachary.Eisenhower@GMAIL.COM;true
91;Millard;15;06-02-2020;;Jimmy.Harrison@GMAIL.COM;false
92;Millard;79;07-01-2020;08-04-2020;Grover.Roosevelt@GMAIL.COM;true
93;Benjamin;40;24-02-2020;29-04-2020;John.Jefferson@GMAIL.COM;true
94;Warren;56;29-01-2020;;Lyndon.Clinton@GMAIL.COM;false
95;Dwight;45;25-01-2020;28-04-2020;Calvin.Reagan@GMAIL.COM;true
96;Millard;26;13-01-2020;;Ulysses.Johnson@GMAIL.COM;false
97;Millard;80;05-01-2020;;Harry.Polk@GMAIL.COM;false
98;John;91;28-01-2020;10-04-2020;Benjamin.Madison@GMAIL.COM;true
99;Harry;10;08-01-2020;;William.Pierce@GMAIL.COM;false
100;Dwight;99;24-02-2020;;Warren.Grant@GMAIL.COM;false
101;Bill;14;26-02-2020;27-04-2020;Warren.Taft@GMAIL.COM;true
102;Zachary;82;22-02-2020;27-04-2020;Harry.Taylor@GMAIL.COM;true
103;Theodore;98;06-01-2020;;Calvin.Roosevelt@GMAIL.COM;false
104;Benjamin;20;24-01-2020;;William.Quincy@GMAIL.COM;false
105;Theodore;36;21-02-2020;;William.Madison@GMAIL.COM;false
106;Ulysses;64;15-02-2020;;Andrew.Jefferson@GMAIL.COM;false
107;George;12;10-01-2020;;James.Jefferson@GMAIL.COM;false
108;Ulysses;33;21-02-2020;23-04-2020;Rutherford.Buchanan@GMAIL.COM;true
109;Franklin;82;22-02-2020;;Woodrow.McKinley@GMAIL.COM;false
110;James;27;04-01-2020;;Dwight.Johnson@GMAIL.COM;false
111;William;56;23-02-2020;;Rutherford.McKinley@GMAIL.COM;false
112;Thomas;100;05-01-2020;;Calvin.Adams@GMAIL.COM;false
113;Jimmy;45;15-01-2020;25-04-2020;Andrew.Harrison@GMAIL.COM;true
114;Zachary;20;19-01-2020;;Gerald.Truman@GMAIL.COM;false
115;Chester;74;24-02-2020;18-04-2020;Andrew.Tyler@GMAIL.COM;true
116;Lyndon;28;16-02-2020;;Andrew.Tyler@GMAIL.COM;false
117;Chester;12;20-02-2020;;Richard.Arthur@GMAIL.COM;false
118;Warren;79;20-01-2020;06-04-2020;Zachary.Carter@GMAIL.COM;true
119;James;90;22-01-2020;;Grover.Jefferson@GMAIL.COM;false
120;Herbert;81;09-02-2020;22-04-2020;Warren.Clinton@GMAIL.COM;true
121;Millard;12;26-01-2020;25-04-2020;Jimmy.Johnson@GMAIL.COM;true
122;George;89;13-02-2020;;Ronald.Eisenhower@GMAIL.COM;false
123;Chester;87;11-02-2020;;Richard.Hoover@GMAIL.COM;false
124;John;60;19-02-2020;17-04-2020;Gerald.Johnson@GMAIL.COM;true
125;James;42;24-01-2020;04-04-2020;Millard.Quincy@GMAIL.COM;true
126;John;43;17-02-2020;;Benjamin.Washington@GMAIL.COM;false
127;Zachary;78;17-01-2020;;George.Ford@GMAIL.COM;false
128;Theodore;42;16-01-2020;20-04-2020;Ronald.Kennedy@GMAIL.COM;true
129;Theodore;83;18-01-2020;18-04-2020;John.Taylor@GMAIL.COM;true
130;Millard;96;28-02-2020;22-04-2020;Herbert.Johnson@GMAIL.COM;true
131;Rutherford;61;28-02-2020;;Andrew.Hayes@GMAIL.COM;false
132;Bill;52;17-01-2020;03-04-2020;George.Grant@GMAIL.COM;true
133;Warren;62;23-01-2020;16-04-2020;Ronald.Van Buren@GMAIL.COM;true
134;Gerald;76;28-01-2020;;Richard.Nixon@GMAIL.COM;false
135;Dwight;47;08-01-2020;26-04-2020;Richard.Roosevelt@GMAIL.COM;true
136;George;97;09-02-2020;10-04-2020;William.Pierce@GMAIL.COM;true
137;Millard;71;03-01-2020;;Chester.Coolidge@GMAIL.COM;false
138;Bill;70;09-01-2020;;Andrew.Coolidge@GMAIL.COM;false
139;Chester;70;05-01-2020;15-04-2020;William.Reagan@GMAIL.COM;true
140;Thomas;49;02-02-2020;15-04-2020;Chester.Garfield@GMAIL.COM;true
141;William;35;23-02-2020;08-04-2020;Harry.Buchanan@GMAIL.COM;true
142;Andrew;31;28-02-2020;18-04-2020;Jimmy.Polk@GMAIL.COM;true
143;Martin;35;18-01-2020;20-04-2020;Ulysses.Madison@GMAIL.COM;true
144;Andrew;48;15-02-2020;26-04-2020;Ulysses.Arthur@GMAIL.COM;true
145;Grover;44;26-01-2020;01-05-2020;Warren.Reagan@GMAIL.COM;true
146;Richard;12;19-01-2020;10-04-2020;Chester.Harrison@GMAIL.COM;true
147;Franklin;39;08-01-2020;04-04-2020;Ronald.Monroe@GMAIL.COM;true
148;Herbert;64;01-02-2020;;James.Clinton@GMAIL.COM;false
149;Franklin;74;28-02-2020;;Jimmy.Carter@GMAIL.COM;false
150;Franklin;45;19-01-2020;;Franklin.Grant@GMAIL.COM;false
151;Richard;75;17-02-2020;;Theodore.Carter@GMAIL.COM;false
152;George;58;28-01-2020;25-04-2020;Ronald.Harrison@GMAIL.COM;true
153;Theodore;13;18-01-2020;;Herbert.Coolidge@GMAIL.COM;false
154;Calvin;98;30-01-2020;;Chester.Wilson@GMAIL.COM;false
155;Martin;62;08-02-2020;;Benjamin.Roosevelt@GMAIL.COM;false
156;John;79;21-02-2020;07-04-2020;Ulysses.Harding@GMAIL.COM;true
157;Martin;40;10-01-2020;01-05-2020;Dwight.Fillmore@GMAIL.COM;true
158;William;16;18-02-2020;20-04-2020;Abraham.Harding@GMAIL.COM;true
159;Andrew;13;24-01-2020;05-04-2020;Harry.Tyler@GMAIL.COM;true
160;Ronald;40;31-01-2020;27-04-2020;Martin.Johnson@GMAIL.COM;true
161;Thomas;97;08-01-2020;;Lyndon.Polk@GMAIL.COM;false
162;Grover;51;25-02-2020;;Dwight.Polk@GMAIL.COM;false
163;Dwight;55;05-02-2020;;Herbert.Grant@GMAIL.COM;false
164;Jimmy;24;05-01-2020;;Benjamin.Garfield@GMAIL.COM;false
165;Calvin;62;22-01-2020;09-04-2020;Bill.Jackson@GMAIL.COM;true
166;Ronald;43;10-02-2020;;Franklin.Johnson@GMAIL.COM;false
167;Martin;99;03-02-2020;;George.McKinley@GMAIL.COM;false
168;Warren;20;08-02-2020;19-04-2020;Rutherford.Adams@GMAIL.COM;true
169;Zachary;68;06-01-2020;02-04-2020;John.Garfield@GMAIL.COM;true
170;Jimmy;60;18-01-2020;;Rutherford.Adams@GMAIL.COM;false
171;Chester;32;21-02-2020;21-04-2020;James.Fillmore@GMAIL.COM;true
172;Dwight;40;19-01-2020;03-04-2020;Zachary.Nixon@GMAIL.COM;true
173;Gerald;27;05-02-2020;;James.Ford@GMAIL.COM;false
174;George;90;20-02-2020;;Ulysses.Taft@GMAIL.COM;false
175;Theodore;70;08-02-2020;;Harry.McKinley@GMAIL.COM;false
176;Ronald;71;27-02-2020;06-04-2020;Rutherford.Pierce@GMAIL.COM;true
177;Herbert;80;13-01-2020;01-05-2020;John.Hayes@GMAIL.COM;true
178;James;33;13-01-2020;24-04-2020;Woodrow.Eisenhower@GMAIL.COM;true
179;Theodore;89;14-01-2020;27-04-2020;Harry.Coolidge@GMAIL.COM;true
180;Rutherford;39;06-02-2020;09-04-2020;Warren.Harrison@GMAIL.COM;true
181;Gerald;99;22-01-2020;;Harry.Hayes@GMAIL.COM;false
182;Abraham;75;19-01-2020;;George.Johnson@GMAIL.COM;false
183;Grover;32;19-01-2020;;Lyndon.Clinton@GMAIL.COM;false
184;William;28;08-02-2020;;Millard.Johnson@GMAIL.COM;false
185;Jimmy;26;03-01-2020;13-04-2020;Rutherford.Madison@GMAIL.COM;true
186;John;100;02-02-2020;;Benjamin.Polk@GMAIL.COM;false
187;Lyndon;14;11-01-2020;30-04-2020;Calvin.Jackson@GMAIL.COM;true
188;Benjamin;66;21-02-2020;22-04-2020;Ronald.Nixon@GMAIL.COM;true
189;Theodore;53;06-02-2020;13-04-2020;James.Truman@GMAIL.COM;true
190;Grover;44;23-02-2020;24-04-2020;Calvin.Coolidge@GMAIL.COM;true
191;Gerald;69;15-02-2020;;Millard.Arthur@GMAIL.COM;false
192;Theodore;14;03-02-2020;;Millard.Kennedy@GMAIL.COM;false
193;William;42;27-01-2020;17-04-2020;John.Madison@GMAIL.COM;true
194;Rutherford;61;24-01-2020;;Theodore.Johnson@GMAIL.COM;false
195;Herbert;58;04-01-2020;06-04-2020;George.Garfield@GMAIL.COM;true
196;Grover;60;24-02-2020;;Jimmy.Fillmore@GMAIL.COM;false
197;Andrew;17;15-02-2020;;Richard.Roosevelt@GMAIL.COM;false
198;Ronald;92;03-02-2020;;Bill.Wilson@GMAIL.COM;false
199;Calvin;58;24-02-2020;21-04-2020;Grover.Roosevelt@GMAIL.COM;true
200;John;32;14-01-2020;23-04-2020;Zachary.Grant@GMAIL.COM;true
201;Ulysses;89;24-02-2020;04-04-2020;Franklin.Clinton@GMAIL.COM;true
202;Chester;67;21-02-2020;04-04-2020;Grover.Truman@GMAIL.COM;true
203;Thomas;30;18-02-2020;;Benjamin.Washington@GMAIL.COM;false
204;Franklin;51;23-01-2020;;Ulysses.Van Buren@GMAIL.COM;false
205;George;13;26-02-2020;;Herbert.Coolidge@GMAIL.COM;false
206;Jimmy;96;09-01-2020;13-04-2020;Richard.Harrison@GMAIL.COM;true
207;Andrew;42;27-02-2020;;Richard.Reagan@GMAIL.COM;false
208;Ronald;79;07-01-2020;;Warren.McKinley@GMAIL.COM;false
209;Lyndon;64;21-02-2020;10-04-2020;Ronald.Cleveland@GMAIL.COM;true
210;Herbert;38;14-01-2020;30-04-2020;Warren.Buchanan@GMAIL.COM;true
211;Zachary;100;23-02-2020;29-04-2020;Dwight.Nixon@GMAIL.COM;true
212;Bill;39;04-02-2020;;Herbert.Pierce@GMAIL.COM;false
213;Rutherford;70;26-01-2020;15-04-2020;Calvin.Truman@GMAIL.COM;true
214;Ronald;62;12-02-2020;02-04-2020;Richard.Grant@GMAIL.COM;true
215;Lyndon;51;08-01-2020;;Grover.Jefferson@GMAIL.COM;false
216;Zachary;59;25-01-2020;28-04-2020;John.Hayes@GMAIL.COM;true
217;Dwight;96;17-01-2020;;Woodrow.Van Buren@GMAIL.COM;false
218;Ulysses;71;01-02-2020;10-04-2020;Jimmy.Johnson@GMAIL.COM;true
219;Franklin;88;20-01-2020;;Woodrow.Johnson@GMAIL.COM;false
220;Benjamin;78;18-02-2020;;Calvin.Washington@GMAIL.COM;false
221;Zachary;51;17-01-2020;08-04-2020;Ronald.Roosevelt@GMAIL.COM;true
222;Benjamin;25;13-01-2020;;Richard.Nixon@GMAIL.COM;false
223;Jimmy;88;26-01-2020;;Dwight.Hoover@GMAIL.COM;false
224;Benjamin;99;04-02-2020;;Harry.Hayes@GMAIL.COM;false
225;John;31;21-02-2020;04-04-2020;Benjamin.Pierce@GMAIL.COM;true
226;Chester;84;13-01-2020;06-04-2020;Chester.Tyler@GMAIL.COM;true
227;Gerald;68;16-01-2020;19-04-2020;Dwight.Adams@GMAIL.COM;true
228;Grover;90;19-02-2020;18-04-2020;James.Eisenhower@GMAIL.COM;true
229;Franklin;77;28-02-2020;16-04-2020;Theodore.Buchanan@GMAIL.COM;true
230;John;89;06-02-2020;24-04-2020;Grover.Eisenhower@GMAIL.COM;true
231;Calvin;88;28-02-2020;25-04-2020;Chester.Taft@GMAIL.COM;true
232;Dwight;40;29-01-2020;;Lyndon.Fillmore@GMAIL.COM;false
233;Benjamin;98;20-01-2020;26-04-2020;Dwight.Hayes@GMAIL.COM;true
234;Andrew;73;05-02-2020;;William.Taft@GMAIL.COM;false
235;Lyndon;69;24-02-2020;;Harry.Truman@GMAIL.COM;false
236;Calvin;85;27-02-2020;19-04-2020;Franklin.Jackson@GMAIL.COM;true
237;Jimmy;57;08-01-2020;;Harry.Hayes@GMAIL.COM;false
238;John;28;17-02-2020;;James.Polk@GMAIL.COM;false
239;Dwight;59;25-02-2020;06-04-2020;Dwight.Johnson@GMAIL.COM;true
240;Warren;36;03-01-2020;;Millard.Cleveland@GMAIL.COM;false
241;Woodrow;36;11-01-2020;24-04-2020;Richard.Jackson@GMAIL.COM;true
242;Woodrow;36;10-02-2020;;George.Madison@GMAIL.COM;false
243;Martin;77;30-01-2020;;Zachary.Reagan@GMAIL.COM;false
244;Woodrow;29;23-01-2020;;Ulysses.Buchanan@GMAIL.COM;false
245;Franklin;39;23-01-2020;14-04-2020;Herbert.Nixon@GMAIL.COM;true
246;Richard;10;20-02-2020;;Richard.Carter@GMAIL.COM;false
247;John;39;16-01-2020;;Woodrow.Johnson@GMAIL.COM;false
248;Harry;61;14-01-2020;;Andrew.Coolidge@GMAIL.COM;false
249;Ulysses;45;14-01-2020;;Harry.Reagan@GMAIL.COM;false
250;Chester;24;07-01-2020;17-04-2020;Dwight.Lincoln@GMAIL.COM;true
251;Richard;18;12-02-2020;;Woodrow.Fillmore@GMAIL.COM;false
252;Calvin;14;14-01-2020;19-04-2020;Dwight.Adams@GMAIL.COM;true
253;John;80;12-01-2020;25-04-2020;Dwight.Ford@GMAIL.COM;true
254;Dwight;45;02-02-2020;;Theodore.Taft@GMAIL.COM;false
255;Jimmy;89;19-02-2020;19-04-2020;Grover.Carter@GMAIL.COM;true
256;Dwight;40;27-02-2020;07-04-2020;Abraham.Carter@GMAIL.COM;true
257;Dwight;97;16-01-2020;;Millard.Buchanan@GMAIL.COM;false
258;Martin;68;15-01-2020;29-04-2020;Rutherford.Fillmore@GMAIL.COM;true
259;Theodore;41;13-01-2020;05-04-2020;Jimmy.Adams@GMAIL.COM;true
260;Woodrow;24;04-02-2020;14-04-2020;Gerald.Polk@GMAIL.COM;true
261;Ronald;76;18-02-2020;04-04-2020;Benjamin.Grant@GMAIL.COM;true
262;Zachary;67;24-02-2020;09-04-2020;Grover.Hoover@GMAIL.COM;true
263;Herbert;93;19-01-2020;;Ronald.Hoover@GMAIL.COM;false
264;Gerald;65;01-03-2020;;Warren.Washington@GMAIL.COM;false
265;Rutherford;66;23-01-2020;;Millard.Fillmore@GMAIL.COM;false
266;Calvin;80;28-01-2020;;Grover.Kennedy@GMAIL.COM;false
267;George;82;27-01-2020;;Franklin.Jefferson@GMAIL.COM;false
268;Calvin;15;08-01-2020;10-04-2020;James.Ford@GMAIL.COM;true
269;Jimmy;43;02-01-2020;22-04-2020;Woodrow.Clinton@GMAIL.COM;true
270;Theodore;100;20-02-2020;;Warren.Jackson@GMAIL.COM;false
271;Ulysses;73;17-01-2020;11-04-2020;Jimmy.Nixon@GMAIL.COM;true
272;Franklin;39;24-01-2020;;Ronald.Roosevelt@GMAIL.COM;false
273;Abraham;33;24-01-2020;08-04-2020;Calvin.Pierce@GMAIL.COM;true
274;Ronald;66;29-01-2020;02-04-2020;Thomas.Harding@GMAIL.COM;true
275;Franklin;10;12-02-2020;02-04-2020;Jimmy.Washington@GMAIL.COM;true
276;Calvin;38;04-01-2020;20-04-2020;Jimmy.Taft@GMAIL.COM;true
277;Theodore;66;17-01-2020;06-04-2020;William.Ford@GMAIL.COM;true
278;Millard;86;25-01-2020;27-04-2020;Theodore.Johnson@GMAIL.COM;true
279;Theodore;27;23-01-2020;24-04-2020;John.Kennedy@GMAIL.COM;true
280;Abraham;73;24-01-2020;;Thomas.Ford@GMAIL.COM;false
281;Richard;76;06-02-2020;;Benjamin.Jackson@GMAIL.COM;false
282;Theodore;14;15-02-2020;03-04-2020;Millard.Garfield@GMAIL.COM;true
283;Martin;17;14-02-2020;;Franklin.Carter@GMAIL.COM;false
284;George;95;09-01-2020;01-04-2020;George.Adams@GMAIL.COM;true
285;Thomas;47;23-02-2020;10-04-2020;Grover.Buchanan@GMAIL.COM;true
286;Woodrow;80;09-02-2020;18-04-2020;Lyndon.Van Buren@GMAIL.COM;true
287;Thomas;63;01-02-2020;;Warren.Carter@GMAIL.COM;false
288;Benjamin;65;22-02-2020;26-04-2020;Martin.Jefferson@GMAIL.COM;true
289;William;66;10-01-2020;18-04-2020;Gerald.Johnson@GMAIL.COM;true
290;Richard;80;20-01-2020;17-04-2020;Woodrow.Johnson@GMAIL.COM;true
291;Herbert;22;23-02-2020;30-04-2020;Millard.Johnson@GMAIL.COM;true
292;James;47;31-01-2020;;Jimmy.Hoover@GMAIL.COM;false
293;Harry;82;29-02-2020;23-04-2020;John.Kennedy@GMAIL.COM;true
294;Martin;63;04-01-2020;22-04-2020;Calvin.Quincy@GMAIL.COM;true
295;Chester;77;26-01-2020;;Ulysses.Harrison@GMAIL.COM;false
296;Gerald;60;26-02-2020;09-04-2020;Harry.Buchanan@GMAIL.COM;true
297;John;88;14-02-2020;;Martin.Adams@GMAIL.COM;false
298;Gerald;43;27-01-2020;;Gerald.Fillmore@GMAIL.COM;false
299;Rutherford;97;12-01-2020;;Woodrow.Carter@GMAIL.COM;false
300;Franklin;11;08-02-2020;18-04-2020;Thomas.Johnson@GMAIL.COM;true
301;Lyndon;10;04-01-2020;;Richard.Johnson@GMAIL.COM;false
302;William;45;06-01-2020;14-04-2020;Thomas.Roosevelt@GMAIL.COM;true
303;Gerald;98;15-01-2020;;James.Hayes@GMAIL.COM;false
304;Jimmy;59;15-01-2020;24-04-2020;Grover.Adams@GMAIL.COM;true
305;Ulysses;85;08-02-2020;09-04-2020;Theodore.McKinley@GMAIL.COM;true
306;Zachary;75;21-01-2020;05-04-2020;Richard.Harrison@GMAIL.COM;true
307;Ulysses;27;17-01-2020;22-04-2020;Grover.Cleveland@GMAIL.COM;true
308;Lyndon;45;23-01-2020;14-04-2020;James.Tyler@GMAIL.COM;true
309;Lyndon;79;19-02-2020;18-04-2020;Richard.Harrison@GMAIL.COM;true
310;James;85;05-01-2020;;Martin.Harrison@GMAIL.COM;false
311;Herbert;45;15-02-2020;07-04-2020;Richard.Johnson@GMAIL.COM;true
312;George;98;09-02-2020;;Gerald.Coolidge@GMAIL.COM;false
313;Harry;65;28-02-2020;02-04-2020;Millard.Reagan@GMAIL.COM;true
314;Lyndon;84;05-02-2020;;John.McKinley@GMAIL.COM;false
315;Gerald;52;29-01-2020;15-04-2020;Harry.Roosevelt@GMAIL.COM;true
316;Richard;37;01-03-2020;16-04-2020;Benjamin.Harrison@GMAIL.COM;true
317;Millard;72;26-01-2020;;Theodore.Ford@GMAIL.COM;false
318;Thomas;18;13-01-2020;;Martin.Hayes@GMAIL.COM;false
319;Warren;77;16-01-2020;;Theodore.Madison@GMAIL.COM;false
320;Harry;20;03-02-2020;19-04-2020;James.Cleveland@GMAIL.COM;true
321;Thomas;76;06-01-2020;;Theodore.Washington@GMAIL.COM;false
322;Gerald;21;26-01-2020;12-04-2020;Benjamin.Roosevelt@GMAIL.COM;true
323;Martin;22;08-01-2020;16-04-2020;James.Harding@GMAIL.COM;true
324;Herbert;40;31-01-2020;13-04-2020;Rutherford.Garfield@GMAIL.COM;true
325;Zachary;42;22-01-2020;;Woodrow.Adams@GMAIL.COM;false
326;Grover;29;18-01-2020;06-04-2020;Chester.Carter@GMAIL.COM;true
327;Ronald;43;29-02-2020;18-04-2020;Ulysses.Polk@GMAIL.COM;true
328;Woodrow;43;22-01-2020;14-04-2020;Woodrow.Eisenhower@GMAIL.COM;true
329;Warren;100;30-01-2020;;John.Kennedy@GMAIL.COM;false
330;Zachary;67;15-01-2020;07-04-2020;Herbert.Carter@GMAIL.COM;true
331;Bill;11;23-01-2020;11-04-2020;Harry.Taft@GMAIL.COM;true
332;Millard;81;15-02-2020;22-04-2020;Rutherford.Madison@GMAIL.COM;true
333;Theodore;52;30-01-2020;27-04-2020;George.Jefferson@GMAIL.COM;true
334;Herbert;90;25-02-2020;29-04-2020;Richard.Buchanan@GMAIL.COM;true
335;Grover;47;01-02-2020;04-04-2020;Gerald.Hayes@GMAIL.COM;true
336;Bill;27;10-01-2020;;Gerald.Wilson@GMAIL.COM;false
337;Ulysses;43;19-01-2020;29-04-2020;Chester.Madison@GMAIL.COM;true
338;Woodrow;13;12-02-2020;10-04-2020;Bill.Quincy@GMAIL.COM;true
339;Gerald;12;28-01-2020;08-04-2020;Thomas.Quincy@GMAIL.COM;true
340;John;40;24-02-2020;12-04-2020;Jimmy.Wilson@GMAIL.COM;true
341;Theodore;28;01-03-2020;;Ulysses.Wilson@GMAIL.COM;false
342;George;81;06-02-2020;;Warren.Monroe@GMAIL.COM;false
343;Dwight;10;06-01-2020;;Calvin.Garfield@GMAIL.COM;false
344;Calvin;16;16-01-2020;;Ronald.Lincoln@GMAIL.COM;false
345;James;24;09-02-2020;;William.Pierce@GMAIL.COM;false
346;Grover;99;18-01-2020;;Calvin.Hayes@GMAIL.COM;false
347;James;90;19-01-2020;;Rutherford.Polk@GMAIL.COM;false
348;Zachary;39;20-01-2020;19-04-2020;Thomas.Polk@GMAIL.COM;true
349;Martin;52;11-01-2020;;Franklin.Pierce@GMAIL.COM;false
350;Ronald;43;22-02-2020;;Harry.Arthur@GMAIL.COM;false
351;Lyndon;77;02-02-2020;;Warren.Polk@GMAIL.COM;false
352;Benjamin;31;10-02-2020;;George.Tyler@GMAIL.COM;false
353;James;66;07-02-2020;;Warren.Pierce@GMAIL.COM;false
354;Bill;93;01-03-2020;26-04-2020;Bill.Harding@GMAIL.COM;true
355;Benjamin;80;23-02-2020;;Thomas.Roosevelt@GMAIL.COM;false
356;Zachary;15;13-01-2020;;Bill.Polk@GMAIL.COM;false
357;Benjamin;16;08-01-2020;23-04-2020;James.Pierce@GMAIL.COM;true
358;Martin;22;25-02-2020;;Woodrow.Hayes@GMAIL.COM;false
359;Lyndon;49;25-01-2020;;James.Polk@GMAIL.COM;false
360;Rutherford;55;03-02-2020;21-04-2020;George.Hoover@GMAIL.COM;true
361;Harry;62;20-02-2020;;Franklin.Wilson@GMAIL.COM;false
362;Ulysses;58;21-02-2020;;Ronald.Johnson@GMAIL.COM;false
363;Millard;67;13-01-2020;;Franklin.Quincy@GMAIL.COM;false
364;Gerald;14;20-01-2020;06-04-2020;Richard.Kennedy@GMAIL.COM;true
365;Rutherford;15;05-01-2020;19-04-2020;Andrew.Taft@GMAIL.COM;true
366;Ronald;60;24-01-2020;02-04-2020;George.Coolidge@GMAIL.COM;true
367;Jimmy;88;22-01-2020;;Herbert.Roosevelt@GMAIL.COM;false
368;Rutherford;30;31-01-2020;;Herbert.Clinton@GMAIL.COM;false
369;Herbert;22;15-01-2020;11-04-2020;Rutherford.Van Buren@GMAIL.COM;true
370;Millard;82;13-01-2020;;Chester.Polk@GMAIL.COM;false
371;Rutherford;96;12-02-2020;28-04-2020;Jimmy.Washington@GMAIL.COM;true
372;Thomas;66;04-02-2020;;Benjamin.Monroe@GMAIL.COM;false
373;Ronald;17;20-02-2020;06-04-2020;Harry.Adams@GMAIL.COM;true
374;Thomas;47;11-01-2020;14-04-2020;Benjamin.Grant@GMAIL.COM;true
375;George;49;02-02-2020;;George.Coolidge@GMAIL.COM;false
376;Jimmy;68;23-01-2020;30-04-2020;Harry.Adams@GMAIL.COM;true
377;Jimmy;96;07-01-2020;24-04-2020;Thomas.Ford@GMAIL.COM;true
378;Woodrow;82;16-01-2020;26-04-2020;Millard.Wilson@GMAIL.COM;true
379;Calvin;76;06-01-2020;14-04-2020;Thomas.Coolidge@GMAIL.COM;true
380;Calvin;84;22-02-2020;;Rutherford.Adams@GMAIL.COM;false
381;Ulysses;81;02-01-2020;15-04-2020;Herbert.Hoover@GMAIL.COM;true
382;Zachary;82;15-02-2020;;Gerald.Harrison@GMAIL.COM;false
383;Richard;28;10-01-2020;;Gerald.Polk@GMAIL.COM;false
384;Lyndon;48;07-02-2020;17-04-2020;Franklin.Taft@GMAIL.COM;true
385;Ulysses;55;21-02-2020;08-04-2020;Lyndon.Madison@GMAIL.COM;true
386;William;17;28-02-2020;06-04-2020;Harry.Truman@GMAIL.COM;true
387;William;76;03-01-2020;16-04-2020;Lyndon.Truman@GMAIL.COM;true
388;Woodrow;64;28-01-2020;;Herbert.Jefferson@GMAIL.COM;false
389;Thomas;98;01-03-2020;30-04-2020;Chester.Fillmore@GMAIL.COM;true
390;Bill;13;24-01-2020;20-04-2020;Martin.Adams@GMAIL.COM;true
391;Ulysses;25;28-02-2020;;Gerald.Hayes@GMAIL.COM;false
392;Rutherford;74;03-01-2020;;Rutherford.Lincoln@GMAIL.COM;false
393;Martin;32;30-01-2020;27-04-2020;Harry.Fillmore@GMAIL.COM;true
394;Woodrow;97;23-02-2020;16-04-2020;Chester.Kennedy@GMAIL.COM;true
395;Benjamin;52;13-01-2020;;Bill.Hayes@GMAIL.COM;false
396;Dwight;87;20-01-2020;;Richard.Coolidge@GMAIL.COM;false
397;Andrew;54;06-02-2020;;George.Carter@GMAIL.COM;false
398;George;42;07-01-2020;10-04-2020;George.Harding@GMAIL.COM;true
399;Franklin;71;09-01-2020;;Theodore.Cleveland@GMAIL.COM;false
400;Warren;89;24-02-2020;;George.Johnson@GMAIL.COM;false
401;Lyndon;30;29-02-2020;;Woodrow.Wilson@GMAIL.COM;false
402;George;26;07-02-2020;23-04-2020;Woodrow.Washington@GMAIL.COM;true
403;Dwight;12;06-02-2020;24-04-2020;Theodore.Wilson@GMAIL.COM;true
404;Chester;67;13-01-2020;;George.Cleveland@GMAIL.COM;false
405;Martin;80;22-01-2020;17-04-2020;Rutherford.Carter@GMAIL.COM;true
406;Franklin;22;07-01-2020;;Chester.Taft@GMAIL.COM;false
407;Theodore;70;01-02-2020;;Woodrow.Roosevelt@GMAIL.COM;false
408;Ronald;65;07-02-2020;21-04-2020;Theodore.Monroe@GMAIL.COM;true
409;Warren;80;23-01-2020;05-04-2020;Bill.Roosevelt@GMAIL.COM;true
410;Woodrow;27;26-01-2020;;Woodrow.Buchanan@GMAIL.COM;false
411;William;11;05-01-2020;10-04-2020;James.Nixon@GMAIL.COM;true
412;Harry;32;26-01-2020;07-04-2020;Calvin.Tyler@GMAIL.COM;true
413;Dwight;45;27-01-2020;08-04-2020;Harry.Washington@GMAIL.COM;true
414;John;92;23-02-2020;09-04-2020;Millard.Truman@GMAIL.COM;true
415;Dwight;29;17-01-2020;;James.Adams@GMAIL.COM;false
416;Grover;51;05-01-2020;27-04-2020;Martin.Grant@GMAIL.COM;true
417;Benjamin;28;10-01-2020;13-04-2020;John.Madison@GMAIL.COM;true
418;Chester;50;27-01-2020;09-04-2020;Woodrow.Cleveland@GMAIL.COM;true
419;Grover;86;09-01-2020;24-04-2020;Dwight.Madison@GMAIL.COM;true
420;Gerald;50;07-01-2020;;Ronald.Buchanan@GMAIL.COM;false
421;Millard;81;07-02-2020;;Theodore.Hoover@GMAIL.COM;false
422;Theodore;70;08-01-2020;;Ulysses.Wilson@GMAIL.COM;false
423;Millard;49;14-01-2020;;Theodore.Tyler@GMAIL.COM;false
424;Thomas;53;18-02-2020;26-04-2020;Ulysses.Grant@GMAIL.COM;true
425;Rutherford;95;23-01-2020;;Chester.Truman@GMAIL.COM;false
426;Millard;94;13-02-2020;23-04-2020;Theodore.Roosevelt@GMAIL.COM;true
427;Woodrow;39;27-01-2020;;Lyndon.Quincy@GMAIL.COM;false
428;Woodrow;29;02-02-2020;24-04-2020;Andrew.Truman@GMAIL.COM;true
429;Andrew;41;27-02-2020;;Richard.Pierce@GMAIL.COM;false
430;Millard;37;03-02-2020;;Chester.Fillmore@GMAIL.COM;false
431;Franklin;81;03-02-2020;06-04-2020;Harry.Harding@GMAIL.COM;true
432;William;25;29-02-2020;;William.Carter@GMAIL.COM;false
433;Grover;27;18-01-2020;30-04-2020;Benjamin.Harding@GMAIL.COM;true
434;Theodore;29;18-01-2020;14-04-2020;Martin.Wilson@GMAIL.COM;true
435;Dwight;48;17-01-2020;;Rutherford.Johnson@GMAIL.COM;false
436;Martin;15;04-02-2020;11-04-2020;Woodrow.Ford@GMAIL.COM;true
437;Jimmy;58;03-01-2020;;Woodrow.Carter@GMAIL.COM;false
438;Bill;26;08-01-2020;08-04-2020;Warren.Eisenhower@GMAIL.COM;true
439;Rutherford;89;20-02-2020;02-04-2020;Dwight.Monroe@GMAIL.COM;true
440;Lyndon;50;16-01-2020;10-04-2020;Richard.Garfield@GMAIL.COM;true
441;Grover;14;19-02-2020;;Gerald.Hayes@GMAIL.COM;false
442;Dwight;96;05-01-2020;;Calvin.Taft@GMAIL.COM;false
443;Richard;55;27-01-2020;;Franklin.Johnson@GMAIL.COM;false
444;Lyndon;35;15-01-2020;25-04-2020;Grover.Roosevelt@GMAIL.COM;true
445;Ronald;73;04-02-2020;;Lyndon.Taylor@GMAIL.COM;false
446;Rutherford;45;30-01-2020;16-04-2020;Lyndon.Arthur@GMAIL.COM;true
447;George;86;17-01-2020;19-04-2020;Warren.McKinley@GMAIL.COM;true
448;Andrew;84;13-01-2020;;Franklin.Coolidge@GMAIL.COM;false
449;John;27;26-02-2020;;Rutherford.Taylor@GMAIL.COM;false
450;Rutherford;46;04-01-2020;11-04-2020;Chester.Grant@GMAIL.COM;true
451;Martin;66;02-02-2020;07-04-2020;Benjamin.Madison@GMAIL.COM;true
452;Andrew;72;06-02-2020;;Benjamin.McKinley@GMAIL.COM;false
453;Richard;13;28-01-2020;07-04-2020;Lyndon.Adams@GMAIL.COM;true
454;Gerald;16;01-02-2020;;Franklin.Washington@GMAIL.COM;false
455;Richard;20;04-02-2020;01-05-2020;Theodore.Cleveland@GMAIL.COM;true
456;Warren;27;17-01-2020;05-04-2020;John.Roosevelt@GMAIL.COM;true
457;Ronald;21;18-02-2020;10-04-2020;Ronald.Ford@GMAIL.COM;true
458;Herbert;91;31-01-2020;;Zachary.Madison@GMAIL.COM;false
459;Gerald;64;21-02-2020;;Franklin.Adams@GMAIL.COM;false
460;Woodrow;81;12-01-2020;;Richard.Polk@GMAIL.COM;false
461;William;31;08-01-2020;13-04-2020;Ulysses.Harrison@GMAIL.COM;true
462;Woodrow;12;03-01-2020;;Richard.Jackson@GMAIL.COM;false
463;Ulysses;74;16-01-2020;14-04-2020;George.Coolidge@GMAIL.COM;true
464;Harry;92;25-02-2020;;Jimmy.Adams@GMAIL.COM;false
465;Andrew;61;05-02-2020;25-04-2020;Jimmy.Hoover@GMAIL.COM;true
466;James;59;08-02-2020;;Harry.Nixon@GMAIL.COM;false
467;Warren;30;23-01-2020;12-04-2020;Calvin.Kennedy@GMAIL.COM;true
468;Ulysses;75;08-01-2020;03-04-2020;Lyndon.Wilson@GMAIL.COM;true
469;Theodore;21;28-01-2020;;Herbert.Clinton@GMAIL.COM;false
470;Gerald;95;16-01-2020;22-04-2020;Warren.Fillmore@GMAIL.COM;true
471;Andrew;62;25-02-2020;20-04-2020;Gerald.Eisenhower@GMAIL.COM;true
472;Martin;13;16-02-2020;23-04-2020;John.Washington@GMAIL.COM;true
473;Rutherford;10;09-02-2020;;Jimmy.Polk@GMAIL.COM;false
474;Ulysses;11;08-01-2020;;Richard.Buchanan@GMAIL.COM;false
475;Zachary;63;06-01-2020;05-04-2020;George.Adams@GMAIL.COM;true
476;Martin;12;06-02-2020;03-04-2020;Theodore.Johnson@GMAIL.COM;true
477;Gerald;13;25-01-2020;10-04-2020;Woodrow.Taft@GMAIL.COM;true
478;William;100;14-02-2020;;Gerald.Taft@GMAIL.COM;false
479;Calvin;40;26-01-2020;19-04-2020;Herbert.Pierce@GMAIL.COM;true
480;Calvin;59;13-01-2020;13-04-2020;Bill.Kennedy@GMAIL.COM;true
481;Richard;84;05-01-2020;03-04-2020;Richard.Adams@GMAIL.COM;true
482;Benjamin;10;28-02-2020;21-04-2020;Lyndon.Jackson@GMAIL.COM;true
483;Warren;24;14-02-2020;;Warren.Hoover@GMAIL.COM;false
484;Franklin;65;02-02-2020;25-04-2020;Chester.Garfield@GMAIL.COM;true
485;Jimmy;51;18-02-2020;19-04-2020;Richard.Carter@GMAIL.COM;true
486;Rutherford;60;19-01-2020;23-04-2020;Zachary.Adams@GMAIL.COM;true
487;Rutherford;45;25-01-2020;;Richard.Garfield@GMAIL.COM;false
488;Theodore;12;01-03-2020;;John.Carter@GMAIL.COM;false
489;Harry;28;05-01-2020;11-04-2020;Martin.McKinley@GMAIL.COM;true
490;Gerald;39;04-01-2020;02-04-2020;Gerald.Cleveland@GMAIL.COM;true
491;Warren;54;17-01-2020;17-04-2020;Andrew.Ford@GMAIL.COM;true
492;Richard;47;06-02-2020;;Benjamin.Harding@GMAIL.COM;false
493;Woodrow;87;20-02-2020;20-04-2020;Lyndon.Carter@GMAIL.COM;true
494;Dwight;18;20-02-2020;28-04-2020;Calvin.Nixon@GMAIL.COM;true
495;Millard;28;03-01-2020;06-04-2020;George.Buchanan@GMAIL.COM;true
496;Abraham;16;02-02-2020;;Benjamin.Hayes@GMAIL.COM;false
497;Harry;45;20-01-2020;20-04-2020;Zachary.Garfield@GMAIL.COM;true
498;Franklin;70;25-01-2020;;Ulysses.Nixon@GMAIL.COM;false
499;Jimmy;56;11-01-2020;17-04-2020;Warren.Nixon@GMAIL.COM;true
500;Jimmy;79;26-01-2020;06-04-2020;Grover.Arthur@GMAIL.COM;true
501;Rutherford;62;10-01-2020;;Ulysses.Hayes@GMAIL.COM;false
502;Thomas;99;13-02-2020;27-04-2020;Bill.Madison@GMAIL.COM;true
503;George;89;27-02-2020;;Jimmy.Adams@GMAIL.COM;false
504;Millard;44;15-02-2020;26-04-2020;Andrew.Fillmore@GMAIL.COM;true
505;John;11;05-01-2020;16-04-2020;Dwight.Washington@GMAIL.COM;true
506;Ulysses;51;16-01-2020;;Andrew.Jackson@GMAIL.COM;false
507;Ulysses;33;09-02-2020;;Jimmy.Jefferson@GMAIL.COM;false
508;Ulysses;77;21-02-2020;19-04-2020;George.Buchanan@GMAIL.COM;true
509;Warren;64;01-03-2020;13-04-2020;Ulysses.Reagan@GMAIL.COM;true
510;Martin;81;07-01-2020;02-04-2020;Thomas.Nixon@GMAIL.COM;true
511;Gerald;15;21-01-2020;;Martin.Harrison@GMAIL.COM;false
512;Harry;33;26-02-2020;09-04-2020;William.Johnson@GMAIL.COM;true
513;Warren;68;15-02-2020;17-04-2020;William.Jackson@GMAIL.COM;true
514;Gerald;63;16-02-2020;;Zachary.Arthur@GMAIL.COM;false
515;Dwight;23;21-01-2020;;Theodore.Garfield@GMAIL.COM;false
516;Ronald;100;18-02-2020;;Dwight.Jackson@GMAIL.COM;false
517;Lyndon;75;23-02-2020;24-04-2020;Bill.Harrison@GMAIL.COM;true
518;Calvin;74;21-02-2020;;William.Clinton@GMAIL.COM;false
519;Rutherford;47;12-02-2020;;Zachary.Adams@GMAIL.COM;false
520;Theodore;74;12-01-2020;;Benjamin.Tyler@GMAIL.COM;false
521;Theodore;84;20-01-2020;;Rutherford.Tyler@GMAIL.COM;false
522;Ulysses;49;24-02-2020;;Warren.Roosevelt@GMAIL.COM;false
523;Warren;27;12-02-2020;;Martin.Reagan@GMAIL.COM;false
524;Theodore;23;22-01-2020;;Gerald.Madison@GMAIL.COM;false
525;Warren;74;09-01-2020;15-04-2020;Ulysses.Eisenhower@GMAIL.COM;true
526;Chester;10;23-02-2020;;George.Johnson@GMAIL.COM;false
527;Ulysses;100;16-01-2020;27-04-2020;Andrew.Washington@GMAIL.COM;true
528;Benjamin;59;08-01-2020;14-04-2020;Zachary.Coolidge@GMAIL.COM;true
529;George;59;12-01-2020;;Bill.Buchanan@GMAIL.COM;false
530;Andrew;35;08-01-2020;;James.Clinton@GMAIL.COM;false
531;Jimmy;22;27-02-2020;15-04-2020;Jimmy.Johnson@GMAIL.COM;true
532;Gerald;93;04-01-2020;;Dwight.Carter@GMAIL.COM;false
533;Bill;72;04-02-2020;;Grover.Monroe@GMAIL.COM;false
534;Richard;64;19-01-2020;;Richard.Adams@GMAIL.COM;false
535;Calvin;15;20-02-2020;18-04-2020;James.Grant@GMAIL.COM;true
536;Rutherford;83;28-02-2020;;William.Hoover@GMAIL.COM;false
537;Rutherford;29;19-01-2020;29-04-2020;Franklin.Johnson@GMAIL.COM;true
538;Theodore;55;27-02-2020;26-04-2020;Harry.Quincy@GMAIL.COM;true
539;Theodore;35;14-02-2020;02-04-2020;Herbert.Wilson@GMAIL.COM;true
540;Chester;43;04-02-2020;;Benjamin.Coolidge@GMAIL.COM;false
541;Calvin;75;29-02-2020;21-04-2020;Harry.Arthur@GMAIL.COM;true
542;Thomas;62;20-01-2020;19-04-2020;Benjamin.Hayes@GMAIL.COM;true
543;Lyndon;39;17-02-2020;;Millard.Hoover@GMAIL.COM;false
544;Lyndon;89;16-02-2020;;Ulysses.Arthur@GMAIL.COM;false
545;Grover;46;18-01-2020;;Jimmy.Roosevelt@GMAIL.COM;false
546;Herbert;37;08-02-2020;26-04-2020;Calvin.Hoover@GMAIL.COM;true
547;Richard;27;18-01-2020;12-04-2020;James.Taylor@GMAIL.COM;true
548;Martin;41;19-02-2020;;George.Fillmore@GMAIL.COM;false
549;James;48;09-01-2020;17-04-2020;John.Garfield@GMAIL.COM;true
550;Benjamin;80;05-01-2020;;Calvin.Tyler@GMAIL.COM;false
551;Thomas;89;12-01-2020;;Calvin.Garfield@GMAIL.COM;false
552;Millard;19;25-02-2020;;Gerald.Buchanan@GMAIL.COM;false
553;Woodrow;74;20-02-2020;;Grover.Roosevelt@GMAIL.COM;false
554;Millard;32;20-02-2020;;Bill.Buchanan@GMAIL.COM;false
555;Richard;88;23-02-2020;28-04-2020;Millard.Nixon@GMAIL.COM;true
556;George;74;24-01-2020;;Andrew.Cleveland@GMAIL.COM;false
557;Ulysses;61;11-01-2020;13-04-2020;Bill.Johnson@GMAIL.COM;true
558;Herbert;32;01-02-2020;;Thomas.Adams@GMAIL.COM;false
559;Grover;85;02-01-2020;;Grover.Lincoln@GMAIL.COM;false
560;Andrew;40;10-02-2020;11-04-2020;Lyndon.Adams@GMAIL.COM;true
561;John;50;07-02-2020;10-04-2020;Bill.Johnson@GMAIL.COM;true
562;James;86;12-02-2020;;Herbert.Cleveland@GMAIL.COM;false
563;Millard;57;08-01-2020;;Gerald.Adams@GMAIL.COM;false
564;Lyndon;69;29-02-2020;;Theodore.Washington@GMAIL.COM;false
565;Dwight;74;08-01-2020;;Gerald.Roosevelt@GMAIL.COM;false
566;Abraham;10;22-02-2020;07-04-2020;Bill.Hayes@GMAIL.COM;true
567;Dwight;34;07-01-2020;05-04-2020;Rutherford.Taft@GMAIL.COM;true
568;Theodore;32;13-02-2020;;Thomas.Washington@GMAIL.COM;false
569;John;24;23-02-2020;17-04-2020;John.Tyler@GMAIL.COM;true
570;George;70;14-02-2020;;Ronald.Harding@GMAIL.COM;false
571;Gerald;61;01-03-2020;30-04-2020;Bill.Reagan@GMAIL.COM;true
572;Ronald;89;11-02-2020;15-04-2020;Benjamin.Washington@GMAIL.COM;true
573;John;89;04-02-2020;;Chester.Harrison@GMAIL.COM;false
574;Richard;65;15-01-2020;12-04-2020;Martin.Monroe@GMAIL.COM;true
575;Martin;93;05-01-2020;14-04-2020;Calvin.Taft@GMAIL.COM;true
576;John;56;29-01-2020;;Richard.Wilson@GMAIL.COM;false
577;Grover;97;05-02-2020;08-04-2020;Herbert.Taylor@GMAIL.COM;true
578;Bill;45;25-02-2020;;Warren.Tyler@GMAIL.COM;false
579;Andrew;74;07-02-2020;;Woodrow.Roosevelt@GMAIL.COM;false
580;Woodrow;14;01-02-2020;08-04-2020;Thomas.Clinton@GMAIL.COM;true
581;William;20;07-01-2020;;Grover.Clinton@GMAIL.COM;false
582;Benjamin;62;25-02-2020;10-04-2020;John.Tyler@GMAIL.COM;true
583;Warren;97;03-01-2020;14-04-2020;Rutherford.McKinley@GMAIL.COM;true
584;Millard;56;10-01-2020;;Andrew.Buchanan@GMAIL.COM;false
585;William;67;21-02-2020;28-04-2020;Ronald.Carter@GMAIL.COM;true
586;Chester;39;16-01-2020;14-04-2020;Millard.Hoover@GMAIL.COM;true
587;James;95;09-02-2020;;Jimmy.Harding@GMAIL.COM;false
588;Jimmy;74;27-02-2020;29-04-2020;Ronald.Garfield@GMAIL.COM;true
589;Franklin;71;13-01-2020;;Andrew.Johnson@GMAIL.COM;false
590;Lyndon;32;23-02-2020;;John.Jackson@GMAIL.COM;false
591;Grover;25;01-02-2020;;Calvin.Pierce@GMAIL.COM;false
592;Millard;98;26-01-2020;30-04-2020;Thomas.Lincoln@GMAIL.COM;true
593;Theodore;63;12-01-2020;02-04-2020;Martin.Grant@GMAIL.COM;true
594;James;35;30-01-2020;17-04-2020;Rutherford.Hoover@GMAIL.COM;true
595;James;61;10-01-2020;;Woodrow.Adams@GMAIL.COM;false
596;Lyndon;89;18-01-2020;;George.Coolidge@GMAIL.COM;false
597;Harry;10;27-01-2020;;Andrew.Pierce@GMAIL.COM;false
598;Bill;80;22-01-2020;05-04-2020;Herbert.Ford@GMAIL.COM;true
599;Ronald;17;13-01-2020;;William.Pierce@GMAIL.COM;false
600;George;59;28-01-2020;01-05-2020;Woodrow.Madison@GMAIL.COM;true
601;Bill;59;04-01-2020;;Franklin.Adams@GMAIL.COM;false
602;Andrew;13;06-01-2020;;Warren.Buchanan@GMAIL.COM;false
603;Rutherford;100;19-02-2020;;Richard.Hoover@GMAIL.COM;false
604;Rutherford;22;11-02-2020;;Franklin.Nixon@GMAIL.COM;false
605;Gerald;84;03-01-2020;15-04-2020;Theodore.Lincoln@GMAIL.COM;true
606;Rutherford;33;17-02-2020;09-04-2020;Ronald.Jackson@GMAIL.COM;true
607;Franklin;72;03-02-2020;;Martin.Grant@GMAIL.COM;false
608;Chester;47;24-01-2020;;Thomas.Adams@GMAIL.COM;false
609;Rutherford;13;10-01-2020;12-04-2020;Grover.Clinton@GMAIL.COM;true
610;Benjamin;14;30-01-2020;01-04-2020;Herbert.Johnson@GMAIL.COM;true
611;Lyndon;73;29-01-2020;03-04-2020;Warren.Coolidge@GMAIL.COM;true
612;Jimmy;12;24-02-2020;;James.Arthur@GMAIL.COM;false
613;Gerald;58;06-01-2020;;George.Hayes@GMAIL.COM;false
614;Andrew;35;11-01-2020;13-04-2020;Andrew.Wilson@GMAIL.COM;true
615;Lyndon;31;03-01-2020;04-04-2020;Grover.Hayes@GMAIL.COM;true
616;Rutherford;14;28-01-2020;;Warren.Garfield@GMAIL.COM;false
617;Herbert;81;18-02-2020;07-04-2020;Grover.Fillmore@GMAIL.COM;true
618;Warren;50;28-01-2020;21-04-2020;Chester.Adams@GMAIL.COM;true
619;Lyndon;27;07-01-2020;28-04-2020;John.Tyler@GMAIL.COM;true
620;Ulysses;63;17-01-2020;24-04-2020;Woodrow.Fillmore@GMAIL.COM;true
621;Abraham;98;22-02-2020;29-04-2020;Jimmy.Nixon@GMAIL.COM;true
622;Thomas;51;04-01-2020;18-04-2020;Benjamin.Johnson@GMAIL.COM;true
623;George;67;25-02-2020;11-04-2020;George.Garfield@GMAIL.COM;true
624;Andrew;92;19-01-2020;01-05-2020;Ronald.Eisenhower@GMAIL.COM;true
625;Andrew;26;06-01-2020;12-04-2020;Rutherford.Nixon@GMAIL.COM;true
626;Richard;49;20-01-2020;;Lyndon.Wilson@GMAIL.COM;false
627;James;100;31-01-2020;21-04-2020;James.Madison@GMAIL.COM;true
628;Martin;16;24-02-2020;;Andrew.Reagan@GMAIL.COM;false
629;Harry;71;25-02-2020;;Herbert.Truman@GMAIL.COM;false
630;Ulysses;23;02-01-2020;;Warren.Kennedy@GMAIL.COM;false
631;Bill;97;19-01-2020;18-04-2020;Andrew.Jefferson@GMAIL.COM;true
632;Theodore;77;19-02-2020;;Richard.Monroe@GMAIL.COM;false
633;Bill;10;01-03-2020;01-05-2020;Theodore.Jackson@GMAIL.COM;true
634;Jimmy;27;01-03-2020;10-04-2020;James.Adams@GMAIL.COM;true
635;George;94;29-02-2020;11-04-2020;William.Taft@GMAIL.COM;true
636;Harry;15;29-01-2020;13-04-2020;Abraham.Garfield@GMAIL.COM;true
637;Ronald;75;12-02-2020;;Gerald.Ford@GMAIL.COM;false
638;Calvin;50;05-01-2020;;Lyndon.Ford@GMAIL.COM;false
639;Martin;77;12-01-2020;02-04-2020;Grover.Arthur@GMAIL.COM;true
640;Theodore;21;26-01-2020;08-04-2020;Harry.Roosevelt@GMAIL.COM;true
641;Lyndon;16;09-01-2020;;William.Madison@GMAIL.COM;false
642;Chester;48;07-01-2020;11-04-2020;John.Carter@GMAIL.COM;true
643;Ronald;25;23-01-2020;28-04-2020;Dwight.Harding@GMAIL.COM;true
644;Woodrow;14;02-01-2020;20-04-2020;Woodrow.Roosevelt@GMAIL.COM;true
645;Ulysses;16;08-01-2020;;William.Harding@GMAIL.COM;false
646;Lyndon;49;23-01-2020;;John.Carter@GMAIL.COM;false
647;Richard;23;23-01-2020;12-04-2020;William.Monroe@GMAIL.COM;true
648;Herbert;60;16-02-2020;;Franklin.Cleveland@GMAIL.COM;false
649;Martin;75;22-02-2020;;Martin.Ford@GMAIL.COM;false
650;Woodrow;82;28-02-2020;19-04-2020;Harry.Carter@GMAIL.COM;true
651;Benjamin;43;13-02-2020;;Calvin.Wilson@GMAIL.COM;false
652;Grover;14;01-03-2020;07-04-2020;George.Hayes@GMAIL.COM;true
653;Herbert;99;13-02-2020;26-04-2020;Andrew.Clinton@GMAIL.COM;true
654;Andrew;24;02-02-2020;14-04-2020;Herbert.Kennedy@GMAIL.COM;true
655;Richard;35;14-02-2020;;John.Kennedy@GMAIL.COM;false
656;Benjamin;51;28-02-2020;;Abraham.Fillmore@GMAIL.COM;false
657;Dwight;44;05-01-2020;19-04-2020;Franklin.Washington@GMAIL.COM;true
658;Zachary;42;04-01-2020;27-04-2020;Ronald.Roosevelt@GMAIL.COM;true
659;Grover;37;25-01-2020;;Ulysses.Nixon@GMAIL.COM;false
660;Dwight;98;25-01-2020;;Jimmy.Clinton@GMAIL.COM;false
661;Jimmy;18;08-02-2020;11-04-2020;Martin.Quincy@GMAIL.COM;true
662;Theodore;94;18-02-2020;;Harry.Hoover@GMAIL.COM;false
663;Rutherford;78;24-01-2020;;Bill.Kennedy@GMAIL.COM;false
664;Harry;26;15-01-2020;07-04-2020;Harry.Kennedy@GMAIL.COM;true
665;Lyndon;28;17-02-2020;;Warren.Garfield@GMAIL.COM;false
666;Bill;93;04-02-2020;02-04-2020;Bill.Garfield@GMAIL.COM;true
667;Lyndon;55;10-02-2020;;William.Carter@GMAIL.COM;false
668;Lyndon;42;14-02-2020;;Grover.Monroe@GMAIL.COM;false
669;Benjamin;46;06-02-2020;05-04-2020;Grover.Carter@GMAIL.COM;true
670;Theodore;47;08-02-2020;22-04-2020;Thomas.Eisenhower@GMAIL.COM;true
671;Rutherford;15;23-01-2020;03-04-2020;Andrew.Eisenhower@GMAIL.COM;true
672;Benjamin;31;12-01-2020;;Ronald.Madison@GMAIL.COM;false
673;Chester;65;25-02-2020;07-04-2020;Lyndon.Wilson@GMAIL.COM;true
674;Warren;75;20-01-2020;08-04-2020;Herbert.Johnson@GMAIL.COM;true
675;Harry;57;07-01-2020;10-04-2020;James.Johnson@GMAIL.COM;true
676;Grover;94;30-01-2020;;James.Johnson@GMAIL.COM;false
677;Woodrow;17;22-02-2020;;Herbert.Quincy@GMAIL.COM;false
678;Franklin;48;21-01-2020;07-04-2020;Herbert.Reagan@GMAIL.COM;true
679;Ulysses;15;10-01-2020;25-04-2020;Rutherford.Cleveland@GMAIL.COM;true
680;Andrew;100;02-01-2020;23-04-2020;Abraham.Clinton@GMAIL.COM;true
681;William;25;05-02-2020;;Zachary.Hoover@GMAIL.COM;false
682;Millard;46;25-01-2020;;Jimmy.Jackson@GMAIL.COM;false
683;Benjamin;25;24-01-2020;;Herbert.Hayes@GMAIL.COM;false
684;Woodrow;34;01-02-2020;10-04-2020;Ronald.Arthur@GMAIL.COM;true
685;Rutherford;93;04-02-2020;;Herbert.Clinton@GMAIL.COM;false
686;William;17;18-01-2020;03-04-2020;Herbert.Harrison@GMAIL.COM;true
687;Ulysses;61;31-01-2020;05-04-2020;Millard.Washington@GMAIL.COM;true
688;William;11;13-02-2020;30-04-2020;Millard.Arthur@GMAIL.COM;true
689;Gerald;30;03-02-2020;;Martin.Tyler@GMAIL.COM;false
690;Chester;44;13-01-2020;;Grover.Adams@GMAIL.COM;false
691;Harry;62;04-02-2020;07-04-2020;George.Johnson@GMAIL.COM;true
692;George;81;30-01-2020;;Woodrow.Polk@GMAIL.COM;false
693;Bill;22;10-01-2020;;Calvin.McKinley@GMAIL.COM;false
694;Rutherford;91;24-02-2020;15-04-2020;John.Roosevelt@GMAIL.COM;true
695;Grover;41;11-01-2020;04-04-2020;James.Roosevelt@GMAIL.COM;true
696;Chester;49;18-01-2020;;Thomas.Johnson@GMAIL.COM;false
697;Chester;43;25-01-2020;;Millard.Roosevelt@GMAIL.COM;false
698;Harry;95;10-01-2020;;Richard.Truman@GMAIL.COM;false
699;Andrew;42;14-02-2020;;George.Taylor@GMAIL.COM;false
700;James;27;25-01-2020;;Bill.Harrison@GMAIL.COM;false
701;Martin;68;08-02-2020;;Chester.Nixon@GMAIL.COM;false
702;Harry;63;02-01-2020;08-04-2020;Harry.Harrison@GMAIL.COM;true
703;Harry;24;17-01-2020;12-04-2020;Gerald.Garfield@GMAIL.COM;true
704;Millard;11;07-02-2020;;Rutherford.Van Buren@GMAIL.COM;false
705;Ulysses;25;27-02-2020;13-04-2020;Rutherford.Roosevelt@GMAIL.COM;true
706;Herbert;99;06-01-2020;30-04-2020;Martin.Roosevelt@GMAIL.COM;true
707;Herbert;32;11-01-2020;13-04-2020;James.Adams@GMAIL.COM;true
708;Franklin;99;01-01-2020;23-04-2020;Bill.Truman@GMAIL.COM;true
709;Dwight;21;05-02-2020;;Millard.Van Buren@GMAIL.COM;false
710;Abraham;30;30-01-2020;26-04-2020;Ulysses.Nixon@GMAIL.COM;true
711;Chester;88;05-02-2020;09-04-2020;William.Grant@GMAIL.COM;true
712;William;84;05-01-2020;14-04-2020;Zachary.McKinley@GMAIL.COM;true
713;Ulysses;50;08-02-2020;;Millard.Tyler@GMAIL.COM;false
714;Millard;79;19-01-2020;;Ronald.Cleveland@GMAIL.COM;false
715;Bill;89;08-02-2020;;Herbert.Garfield@GMAIL.COM;false
716;James;19;03-02-2020;21-04-2020;Ronald.Eisenhower@GMAIL.COM;true
717;Theodore;99;20-01-2020;02-04-2020;Benjamin.Hoover@GMAIL.COM;true
718;Gerald;85;31-01-2020;27-04-2020;James.Jackson@GMAIL.COM;true
719;Bill;24;12-02-2020;30-04-2020;Millard.Truman@GMAIL.COM;true
720;Thomas;24;28-02-2020;;Benjamin.Harding@GMAIL.COM;false
721;Franklin;52;15-02-2020;;Woodrow.Pierce@GMAIL.COM;false
722;Bill;57;16-01-2020;13-04-2020;Dwight.Pierce@GMAIL.COM;true
723;Benjamin;42;09-01-2020;26-04-2020;Herbert.Washington@GMAIL.COM;true
724;Jimmy;70;27-02-2020;24-04-2020;Dwight.Johnson@GMAIL.COM;true
725;Millard;68;22-02-2020;;Dwight.Harrison@GMAIL.COM;false
726;Millard;18;20-01-2020;;Grover.Pierce@GMAIL.COM;false
727;Martin;10;17-01-2020;02-04-2020;Woodrow.Adams@GMAIL.COM;true
728;Gerald;60;31-01-2020;;Grover.Quincy@GMAIL.COM;false
729;Martin;67;21-01-2020;06-04-2020;Woodrow.Jefferson@GMAIL.COM;true
730;Harry;40;11-02-2020;13-04-2020;Lyndon.Garfield@GMAIL.COM;true
731;Lyndon;70;28-01-2020;;Bill.Adams@GMAIL.COM;false
732;Ronald;66;02-02-2020;;Thomas.Harrison@GMAIL.COM;false
733;Grover;92;08-02-2020;;Grover.Buchanan@GMAIL.COM;false
734;Thomas;66;20-01-2020;;Theodore.Hoover@GMAIL.COM;false
735;Martin;75;01-02-2020;28-04-2020;Zachary.Pierce@GMAIL.COM;true
736;Martin;98;22-02-2020;26-04-2020;Martin.Roosevelt@GMAIL.COM;true
737;Dwight;24;02-01-2020;11-04-2020;Bill.Adams@GMAIL.COM;true
738;Lyndon;47;15-02-2020;17-04-2020;Theodore.Ford@GMAIL.COM;true
739;Chester;92;06-02-2020;03-04-2020;Martin.Coolidge@GMAIL.COM;true
740;Ulysses;50;03-02-2020;02-04-2020;Rutherford.Washington@GMAIL.COM;true
741;James;77;10-02-2020;;Calvin.Nixon@GMAIL.COM;false
742;George;66;13-02-2020;;Millard.Monroe@GMAIL.COM;false
743;Richard;33;27-02-2020;11-04-2020;Richard.Van Buren@GMAIL.COM;true
744;Dwight;97;14-02-2020;;Abraham.Johnson@GMAIL.COM;false
745;Herbert;46;12-01-2020;;Woodrow.Cleveland@GMAIL.COM;false
746;William;45;01-03-2020;15-04-2020;Franklin.Madison@GMAIL.COM;true
747;Dwight;25;28-02-2020;;Warren.Roosevelt@GMAIL.COM;false
748;Calvin;34;06-01-2020;10-04-2020;Zachary.Buchanan@GMAIL.COM;true
749;Gerald;93;20-02-2020;;John.Jackson@GMAIL.COM;false
750;Franklin;14;16-01-2020;;Harry.Harrison@GMAIL.COM;false
751;Richard;64;25-01-2020;28-04-2020;Chester.Nixon@GMAIL.COM;true
752;Gerald;90;26-01-2020;;Rutherford.Grant@GMAIL.COM;false
753;Lyndon;44;06-02-2020;;George.Buchanan@GMAIL.COM;false
754;Millard;88;22-01-2020;;Martin.Grant@GMAIL.COM;false
755;Grover;39;27-02-2020;07-04-2020;Woodrow.Fillmore@GMAIL.COM;true
756;Millard;68;30-01-2020;02-04-2020;William.Jackson@GMAIL.COM;true
757;James;12;11-02-2020;06-04-2020;Ulysses.Harrison@GMAIL.COM;true
758;Warren;81;14-01-2020;09-04-2020;Calvin.Madison@GMAIL.COM;true
759;Ronald;55;03-02-2020;21-04-2020;Lyndon.Johnson@GMAIL.COM;true
760;Ulysses;91;16-01-2020;15-04-2020;William.Ford@GMAIL.COM;true
761;Herbert;73;02-01-2020;04-04-2020;Harry.Nixon@GMAIL.COM;true
762;Abraham;60;03-01-2020;21-04-2020;Dwight.Tyler@GMAIL.COM;true
763;Zachary;33;12-01-2020;;Harry.Harding@GMAIL.COM;false
764;Bill;96;01-02-2020;;Theodore.Adams@GMAIL.COM;false
765;Calvin;78;06-01-2020;29-04-2020;James.Hoover@GMAIL.COM;true
766;Rutherford;92;11-01-2020;26-04-2020;Zachary.Jefferson@GMAIL.COM;true
767;Benjamin;79;22-01-2020;23-04-2020;Dwight.Adams@GMAIL.COM;true
768;Martin;97;10-02-2020;29-04-2020;Woodrow.Arthur@GMAIL.COM;true
769;Ronald;21;22-02-2020;;Dwight.Harding@GMAIL.COM;false
770;Chester;23;23-01-2020;13-04-2020;Herbert.Fillmore@GMAIL.COM;true
771;Dwight;97;12-02-2020;20-04-2020;Millard.Harding@GMAIL.COM;true
772;John;66;16-02-2020;;George.Fillmore@GMAIL.COM;false
773;Lyndon;84;29-02-2020;;Warren.Harding@GMAIL.COM;false
774;Warren;34;25-02-2020;;Martin.Carter@GMAIL.COM;false
775;Ulysses;65;16-02-2020;22-04-2020;Rutherford.Madison@GMAIL.COM;true
776;Jimmy;60;21-02-2020;;Woodrow.Ford@GMAIL.COM;false
777;Lyndon;58;09-01-2020;01-05-2020;Calvin.Ford@GMAIL.COM;true
778;Martin;55;22-01-2020;;Andrew.Carter@GMAIL.COM;false
779;Benjamin;39;24-01-2020;02-04-2020;Ulysses.Clinton@GMAIL.COM;true
780;Gerald;57;22-02-2020;;Franklin.Jefferson@GMAIL.COM;false
781;Jimmy;95;26-01-2020;15-04-2020;James.Van Buren@GMAIL.COM;true
782;Bill;41;08-02-2020;08-04-2020;Bill.Truman@GMAIL.COM;true
783;James;15;06-02-2020;08-04-2020;Theodore.Clinton@GMAIL.COM;true
784;Ronald;51;11-01-2020;14-04-2020;George.Kennedy@GMAIL.COM;true
785;Jimmy;31;29-01-2020;06-04-2020;Herbert.Cleveland@GMAIL.COM;true
786;Calvin;71;05-02-2020;16-04-2020;Chester.Taft@GMAIL.COM;true
787;Abraham;91;06-02-2020;30-04-2020;John.Polk@GMAIL.COM;true
788;Martin;91;09-02-2020;27-04-2020;Lyndon.Taft@GMAIL.COM;true
789;Grover;57;11-02-2020;;Grover.Lincoln@GMAIL.COM;false
790;Ronald;32;30-01-2020;05-04-2020;Warren.Jefferson@GMAIL.COM;true
791;Abraham;16;20-02-2020;;George.Grant@GMAIL.COM;false
792;Thomas;89;28-02-2020;13-04-2020;Thomas.Clinton@GMAIL.COM;true
793;Richard;41;16-02-2020;;George.Roosevelt@GMAIL.COM;false
794;Zachary;45;03-01-2020;;Herbert.Johnson@GMAIL.COM;false
795;William;60;05-02-2020;25-04-2020;Bill.Johnson@GMAIL.COM;true
796;Rutherford;89;26-01-2020;;Chester.Johnson@GMAIL.COM;false
797;Rutherford;55;23-01-2020;01-05-2020;Warren.Madison@GMAIL.COM;true
798;Millard;57;25-01-2020;;Lyndon.Pierce@GMAIL.COM;false
799;Martin;48;04-01-2020;;Grover.Hayes@GMAIL.COM;false
800;John;93;24-02-2020;;Lyndon.Van Buren@GMAIL.COM;false
801;Bill;79;16-02-2020;16-04-2020;Jimmy.Coolidge@GMAIL.COM;true
802;Dwight;46;19-02-2020;;Rutherford.Van Buren@GMAIL.COM;false
803;Benjamin;38;08-02-2020;07-04-2020;William.Roosevelt@GMAIL.COM;true
804;Richard;85;29-02-2020;;Benjamin.Adams@GMAIL.COM;false
805;Andrew;21;15-02-2020;06-04-2020;Ronald.Tyler@GMAIL.COM;true
806;Andrew;26;19-02-2020;;Zachary.Reagan@GMAIL.COM;false
807;Andrew;16;12-01-2020;14-04-2020;Andrew.Ford@GMAIL.COM;true
808;Ronald;55;03-01-2020;;Rutherford.Polk@GMAIL.COM;false
809;Harry;100;09-01-2020;;Theodore.Tyler@GMAIL.COM;false
810;Lyndon;11;06-02-2020;;Harry.Wilson@GMAIL.COM;false
811;Benjamin;14;05-02-2020;;Thomas.Adams@GMAIL.COM;false
812;Warren;10;10-02-2020;27-04-2020;Ulysses.Garfield@GMAIL.COM;true
813;Richard;34;19-01-2020;;John.Taft@GMAIL.COM;false
814;Calvin;91;19-02-2020;16-04-2020;Lyndon.Johnson@GMAIL.COM;true
815;Martin;68;27-02-2020;01-05-2020;Calvin.Buchanan@GMAIL.COM;true
816;Herbert;61;26-02-2020;;Grover.Kennedy@GMAIL.COM;false
817;Ulysses;23;18-02-2020;16-04-2020;James.Roosevelt@GMAIL.COM;true
818;Gerald;31;17-02-2020;07-04-2020;Jimmy.Polk@GMAIL.COM;true
819;Richard;44;04-02-2020;26-04-2020;Richard.Hayes@GMAIL.COM;true
820;Harry;46;30-01-2020;29-04-2020;Franklin.Jefferson@GMAIL.COM;true
821;Franklin;54;25-02-2020;06-04-2020;Theodore.Harding@GMAIL.COM;true
822;James;45;07-01-2020;13-04-2020;Grover.Van Buren@GMAIL.COM;true
823;William;13;02-01-2020;14-04-2020;Franklin.Ford@GMAIL.COM;true
824;Zachary;26;31-01-2020;;Harry.Hoover@GMAIL.COM;false
825;Benjamin;18;27-01-2020;02-04-2020;Harry.McKinley@GMAIL.COM;true
826;Benjamin;67;07-01-2020;01-05-2020;Woodrow.Adams@GMAIL.COM;true
827;Millard;80;29-02-2020;;Rutherford.McKinley@GMAIL.COM;false
828;Franklin;63;28-02-2020;07-04-2020;Herbert.Taft@GMAIL.COM;true
829;Rutherford;85;01-02-2020;05-04-2020;John.Van Buren@GMAIL.COM;true
830;Bill;20;14-02-2020;;Franklin.Grant@GMAIL.COM;false
831;Harry;14;16-01-2020;;Grover.Adams@GMAIL.COM;false
832;Chester;77;22-01-2020;30-04-2020;Grover.Harrison@GMAIL.COM;true
833;James;15;24-01-2020;30-04-2020;George.Grant@GMAIL.COM;true
834;Theodore;55;05-02-2020;;Harry.Arthur@GMAIL.COM;false
835;Ronald;66;27-01-2020;11-04-2020;William.Johnson@GMAIL.COM;true
836;Richard;29;11-01-2020;;Ronald.Arthur@GMAIL.COM;false
837;George;89;22-01-2020;;Abraham.Harrison@GMAIL.COM;false
838;Calvin;53;08-02-2020;;Thomas.Harrison@GMAIL.COM;false
839;Herbert;67;25-02-2020;06-04-2020;Thomas.Jackson@GMAIL.COM;true
840;Jimmy;44;27-01-2020;28-04-2020;Andrew.Garfield@GMAIL.COM;true
841;Abraham;39;06-01-2020;;Rutherford.Harding@GMAIL.COM;false
842;Andrew;93;01-03-2020;;Bill.Roosevelt@GMAIL.COM;false
843;Calvin;58;23-01-2020;14-04-2020;Dwight.Cleveland@GMAIL.COM;true
844;James;39;03-01-2020;17-04-2020;Richard.Roosevelt@GMAIL.COM;true
845;Millard;17;25-02-2020;17-04-2020;James.Tyler@GMAIL.COM;true
846;Calvin;98;21-02-2020;;Grover.Truman@GMAIL.COM;false
847;Dwight;96;09-02-2020;;Jimmy.Buchanan@GMAIL.COM;false
848;Warren;41;20-02-2020;;Bill.Buchanan@GMAIL.COM;false
849;Bill;87;04-02-2020;;Lyndon.Clinton@GMAIL.COM;false
850;Bill;21;27-01-2020;;Chester.Arthur@GMAIL.COM;false
851;George;37;10-01-2020;23-04-2020;Theodore.Carter@GMAIL.COM;true
852;Chester;26;27-02-2020;22-04-2020;George.Polk@GMAIL.COM;true
853;Bill;14;16-01-2020;;William.Cleveland@GMAIL.COM;false
854;Bill;82;18-01-2020;;Andrew.Harding@GMAIL.COM;false
855;Warren;87;26-01-2020;04-04-2020;Rutherford.Johnson@GMAIL.COM;true
856;Franklin;33;25-02-2020;;John.Coolidge@GMAIL.COM;false
857;Benjamin;49;11-02-2020;30-04-2020;Gerald.Clinton@GMAIL.COM;true
858;Richard;33;17-01-2020;24-04-2020;Calvin.Monroe@GMAIL.COM;true
859;Millard;65;15-01-2020;;James.Harrison@GMAIL.COM;false
860;James;11;13-02-2020;;Franklin.Harrison@GMAIL.COM;false
861;Jimmy;17;11-02-2020;03-04-2020;Herbert.Coolidge@GMAIL.COM;true
862;Martin;10;08-01-2020;01-05-2020;Abraham.Eisenhower@GMAIL.COM;true
863;Zachary;79;04-01-2020;;James.Jackson@GMAIL.COM;false
864;Martin;60;29-02-2020;;Zachary.Madison@GMAIL.COM;false
865;Richard;70;31-01-2020;09-04-2020;Gerald.Washington@GMAIL.COM;true
866;Thomas;97;10-02-2020;;George.Arthur@GMAIL.COM;false
867;Ronald;69;03-02-2020;17-04-2020;Chester.Roosevelt@GMAIL.COM;true
868;John;95;04-02-2020;05-04-2020;Dwight.Washington@GMAIL.COM;true
869;Lyndon;48;20-01-2020;27-04-2020;Richard.Jefferson@GMAIL.COM;true
870;Warren;30;28-02-2020;;Dwight.Taft@GMAIL.COM;false
871;Calvin;45;17-02-2020;13-04-2020;Millard.Garfield@GMAIL.COM;true
872;Dwight;89;25-01-2020;;Lyndon.Van Buren@GMAIL.COM;false
873;Warren;52;08-02-2020;17-04-2020;Franklin.Truman@GMAIL.COM;true
874;Gerald;82;01-03-2020;;Woodrow.Adams@GMAIL.COM;false
875;John;29;24-02-2020;;Zachary.Lincoln@GMAIL.COM;false
876;Bill;53;06-02-2020;26-04-2020;Ulysses.Harrison@GMAIL.COM;true
877;Dwight;86;23-01-2020;;Rutherford.Taft@GMAIL.COM;false
878;Harry;65;10-01-2020;07-04-2020;Ulysses.Johnson@GMAIL.COM;true
879;Andrew;43;26-01-2020;09-04-2020;Ronald.Jackson@GMAIL.COM;true
880;Calvin;68;17-02-2020;;Warren.Carter@GMAIL.COM;false
881;Lyndon;79;15-01-2020;24-04-2020;Martin.Reagan@GMAIL.COM;true
882;Franklin;55;02-02-2020;10-04-2020;Herbert.Adams@GMAIL.COM;true
883;Ulysses;69;07-01-2020;;Calvin.Jefferson@GMAIL.COM;false
884;Grover;64;21-02-2020;;Franklin.Buchanan@GMAIL.COM;false
885;Warren;43;14-02-2020;;John.Garfield@GMAIL.COM;false
886;Calvin;32;11-01-2020;15-04-2020;James.Polk@GMAIL.COM;true
887;Thomas;35;07-01-2020;;Millard.Arthur@GMAIL.COM;false
888;Rutherford;90;03-02-2020;;Gerald.Johnson@GMAIL.COM;false
889;Harry;60;01-02-2020;;Franklin.Cleveland@GMAIL.COM;false
890;Jimmy;98;10-01-2020;;Grover.Tyler@GMAIL.COM;false
891;George;14;24-01-2020;05-04-2020;Martin.Ford@GMAIL.COM;true
892;Grover;78;27-01-2020;;Ulysses.Grant@GMAIL.COM;false
893;Woodrow;56;19-01-2020;;Warren.Ford@GMAIL.COM;false
894;John;98;17-02-2020;;Benjamin.Garfield@GMAIL.COM;false
895;Richard;64;02-02-2020;;Grover.Harding@GMAIL.COM;false
896;Lyndon;89;17-02-2020;;Thomas.Pierce@GMAIL.COM;false
897;Millard;76;24-01-2020;;Chester.Johnson@GMAIL.COM;false
898;Warren;42;14-02-2020;;Benjamin.Taylor@GMAIL.COM;false
899;Woodrow;36;24-02-2020;12-04-2020;Woodrow.Arthur@GMAIL.COM;true
900;John;55;15-02-2020;;Jimmy.Tyler@GMAIL.COM;false
901;Gerald;49;21-02-2020;;John.Kennedy@GMAIL.COM;false
902;William;13;16-01-2020;24-04-2020;James.Truman@GMAIL.COM;true
903;Jimmy;92;13-02-2020;05-04-2020;Rutherford.Truman@GMAIL.COM;true
904;Dwight;55;01-03-2020;07-04-2020;Harry.Nixon@GMAIL.COM;true
905;Franklin;53;31-01-2020;;William.Harrison@GMAIL.COM;false
906;Ronald;74;08-01-2020;;Zachary.Taylor@GMAIL.COM;false
907;Zachary;44;10-02-2020;;Theodore.Pierce@GMAIL.COM;false
908;Ulysses;21;01-02-2020;;Woodrow.Nixon@GMAIL.COM;false
909;Dwight;24;25-01-2020;;Thomas.Arthur@GMAIL.COM;false
910;Woodrow;62;14-01-2020;;Grover.Eisenhower@GMAIL.COM;false
911;Ulysses;38;21-02-2020;25-04-2020;Grover.McKinley@GMAIL.COM;true
912;Theodore;69;16-01-2020;;Chester.Carter@GMAIL.COM;false
913;Warren;47;07-01-2020;16-04-2020;Abraham.Johnson@GMAIL.COM;true
914;Benjamin;49;29-02-2020;20-04-2020;Grover.Monroe@GMAIL.COM;true
915;Theodore;12;02-01-2020;20-04-2020;Franklin.Tyler@GMAIL.COM;true
916;Franklin;78;30-01-2020;;Harry.Grant@GMAIL.COM;false
917;Harry;94;12-01-2020;;James.Hayes@GMAIL.COM;false
918;Andrew;55;12-02-2020;;Ulysses.Polk@GMAIL.COM;false
919;Calvin;57;23-01-2020;24-04-2020;Rutherford.Hoover@GMAIL.COM;true
920;Dwight;25;22-01-2020;01-04-2020;Martin.Truman@GMAIL.COM;true
921;Millard;80;06-01-2020;;John.Washington@GMAIL.COM;false
922;Gerald;31;26-01-2020;01-05-2020;Zachary.Reagan@GMAIL.COM;true
923;William;69;28-02-2020;24-04-2020;John.Tyler@GMAIL.COM;true
924;Ulysses;53;27-02-2020;17-04-2020;Bill.McKinley@GMAIL.COM;true
925;George;62;31-01-2020;;James.Johnson@GMAIL.COM;false
926;Abraham;57;11-01-2020;;Rutherford.Polk@GMAIL.COM;false
927;Lyndon;35;21-02-2020;;Gerald.Pierce@GMAIL.COM;false
928;Jimmy;87;10-01-2020;;Harry.Harding@GMAIL.COM;false
929;Lyndon;68;10-01-2020;;Rutherford.Truman@GMAIL.COM;false
930;Bill;66;20-01-2020;09-04-2020;Jimmy.Adams@GMAIL.COM;true
931;Richard;35;28-01-2020;;Andrew.Eisenhower@GMAIL.COM;false
932;Andrew;57;07-01-2020;19-04-2020;Ulysses.Kennedy@GMAIL.COM;true
933;George;46;26-02-2020;29-04-2020;Calvin.Nixon@GMAIL.COM;true
934;Calvin;73;21-02-2020;17-04-2020;Martin.Kennedy@GMAIL.COM;true
935;Benjamin;15;20-02-2020;24-04-2020;Rutherford.Adams@GMAIL.COM;true
936;Theodore;87;07-01-2020;24-04-2020;Thomas.Kennedy@GMAIL.COM;true
937;Ronald;88;31-01-2020;04-04-2020;Jimmy.Roosevelt@GMAIL.COM;true
938;Calvin;51;20-01-2020;;Grover.Quincy@GMAIL.COM;false
939;Martin;88;19-01-2020;13-04-2020;Herbert.Adams@GMAIL.COM;true
940;Martin;97;14-01-2020;02-04-2020;Harry.Johnson@GMAIL.COM;true
941;Warren;83;25-01-2020;02-04-2020;Millard.Reagan@GMAIL.COM;true
942;Chester;46;18-02-2020;;James.Clinton@GMAIL.COM;false
943;William;79;08-01-2020;;Woodrow.Eisenhower@GMAIL.COM;false
944;Andrew;13;11-01-2020;;Chester.Garfield@GMAIL.COM;false
945;Calvin;16;19-01-2020;;William.Van Buren@GMAIL.COM;false
946;Ronald;91;25-02-2020;;Theodore.Lincoln@GMAIL.COM;false
947;James;26;26-01-2020;;Rutherford.Grant@GMAIL.COM;false
948;Gerald;31;17-01-2020;;Gerald.Madison@GMAIL.COM;false
949;James;54;02-02-2020;;Rutherford.Wilson@GMAIL.COM;false
950;Ronald;58;31-01-2020;24-04-2020;Calvin.Eisenhower@GMAIL.COM;true
951;Chester;94;28-02-2020;;Grover.McKinley@GMAIL.COM;false
952;Harry;15;12-02-2020;05-04-2020;Harry.Monroe@GMAIL.COM;true
953;Ronald;94;20-02-2020;;Millard.Johnson@GMAIL.COM;false
954;Ronald;79;01-02-2020;;Ulysses.Ford@GMAIL.COM;false
955;John;27;07-02-2020;;Harry.Hoover@GMAIL.COM;false
956;Calvin;14;18-01-2020;11-04-2020;Thomas.Johnson@GMAIL.COM;true
957;Andrew;47;15-01-2020;;George.Carter@GMAIL.COM;false
958;Herbert;34;14-01-2020;18-04-2020;Martin.Reagan@GMAIL.COM;true
959;Woodrow;56;16-01-2020;29-04-2020;Warren.Pierce@GMAIL.COM;true
960;Benjamin;45;07-02-2020;;Ulysses.Polk@GMAIL.COM;false
961;Grover;48;08-01-2020;17-04-2020;Gerald.Roosevelt@GMAIL.COM;true
962;Herbert;69;04-02-2020;;Herbert.Polk@GMAIL.COM;false
963;George;48;15-02-2020;07-04-2020;Herbert.Adams@GMAIL.COM;true
964;Rutherford;94;01-02-2020;08-04-2020;Ulysses.Coolidge@GMAIL.COM;true
965;Rutherford;19;27-02-2020;22-04-2020;Warren.Grant@GMAIL.COM;true
966;Ulysses;52;18-02-2020;25-04-2020;Martin.Reagan@GMAIL.COM;true
967;Woodrow;54;08-01-2020;30-04-2020;Andrew.Grant@GMAIL.COM;true
968;Bill;59;08-01-2020;07-04-2020;William.Garfield@GMAIL.COM;true
969;Chester;72;18-01-2020;;Harry.Madison@GMAIL.COM;false
970;Franklin;90;16-02-2020;28-04-2020;Woodrow.Washington@GMAIL.COM;true
971;Benjamin;74;22-01-2020;;Andrew.Buchanan@GMAIL.COM;false
972;Harry;27;06-01-2020;06-04-2020;Herbert.Nixon@GMAIL.COM;true
973;Theodore;92;16-01-2020;28-04-2020;Millard.McKinley@GMAIL.COM;true
974;Calvin;86;07-01-2020;19-04-2020;Rutherford.Quincy@GMAIL.COM;true
975;Franklin;21;25-01-2020;;Warren.Buchanan@GMAIL.COM;false
976;Ronald;28;31-01-2020;;John.Truman@GMAIL.COM;false
977;Richard;72;06-02-2020;;Dwight.Cleveland@GMAIL.COM;false
978;James;63;10-01-2020;;James.Hayes@GMAIL.COM;false
979;Herbert;59;12-02-2020;12-04-2020;Grover.Taylor@GMAIL.COM;true
980;Ronald;46;26-02-2020;07-04-2020;Grover.Fillmore@GMAIL.COM;true
981;Ronald;50;18-02-2020;;Martin.Eisenhower@GMAIL.COM;false
982;Benjamin;23;29-01-2020;26-04-2020;William.Arthur@GMAIL.COM;true
983;Lyndon;14;14-01-2020;;William.Eisenhower@GMAIL.COM;false
984;Martin;95;27-02-2020;25-04-2020;Richard.Garfield@GMAIL.COM;true
985;Calvin;19;20-02-2020;22-04-2020;Calvin.Harrison@GMAIL.COM;true
986;Warren;93;20-01-2020;;Martin.Roosevelt@GMAIL.COM;false
987;Franklin;82;28-02-2020;;Millard.Tyler@GMAIL.COM;false
988;Andrew;98;24-01-2020;;Andrew.Pierce@GMAIL.COM;false
989;John;59;03-02-2020;;John.Tyler@GMAIL.COM;false
990;Lyndon;74;27-01-2020;12-04-2020;Lyndon.Monroe@GMAIL.COM;true
991;Grover;62;13-01-2020;;Andrew.Coolidge@GMAIL.COM;false
992;Calvin;45;24-01-2020;11-04-2020;Warren.Pierce@GMAIL.COM;true
993;Calvin;33;19-02-2020;28-04-2020;Bill.Washington@GMAIL.COM;true
994;Ronald;71;26-02-2020;18-04-2020;James.Arthur@GMAIL.COM;true
995;William;62;26-02-2020;;Herbert.Tyler@GMAIL.COM;false
996;Thomas;50;24-02-2020;;Dwight.Johnson@GMAIL.COM;false
997;Theodore;72;28-02-2020;28-04-2020;Bill.Grant@GMAIL.COM;true
998;Rutherford;77;13-01-2020;;Woodrow.Coolidge@GMAIL.COM;false
999;Thomas;52;08-01-2020;;Andrew.Van Buren@GMAIL.COM;false
1000;Martin;48;22-01-2020;;Lyndon.Carter@GMAIL.COM;false
